jam,tanggal,cabor,kelas,fase
09:00,19thAgt,fencing,EpeeTunggalPutra,Perempatfinal
09:00,20thAgt,weightlifting,Putri48kg,GrupB
06:00,25thAgt,athletics,MaratonPutra,MaratonPutra
08:00,25thAgt,cycling-bmx,KompetisiPutra,Perempatfinal
10:00,20thAgt,cycling-mountain-bike,LintasAlamPutra,Final
10:00,22ndAgt,cycling-road,RoadRace100kmTunggalPutri,Final
09:00,27thAgt,cycling-track,SprintBereguPutra,Kualifikasi
10:00,14thAgt,basketball,Basket5x5Putra,PenyisihanGrupCPertandingan
15:00,21stAgt,basketball-3x3,Basket3x3Putra,PenyisihanGrupAPertandingan
08:00,20thAgt,equestrian,TunggangSerasiBeregu,PrixStGeorges
14:00,21stAgt,baseball,ReguPria,Babak1Match1
11:00,13thAgt,handball,BolaTanganPutra,BabakPenyisihanGrupDMatch1
10:00,19thAgt,volleyball,PutriTurnamen,PenyisihanPoolBMatch1
09:00,22ndAgt,bowling,Regu3Putri,BlokPertama
10:00,21stAgt,bridge,MensTeamKualifikasiBabak,KualifikasiBabak
09:00,19thAgt,badminton,BereguPutra,Babak16
09:00,19thAgt,rowing,DayungTunggalPutra,Perempatfinal
06:00,23rdAgt,golf,TunggalPutra,Babak1
13:00,19thAgt,wrestling,Freestyle57kgPutra,Semifinal
14:00,19thAgt,hockey,TurnamenPutri,PoolB
10:00,23rdAgt,jetski,Runabout1100Stock,FinalMoto1
09:00,29thAgt,judo,Putra60kg,Perempatfinal
10:00,24thAgt,ju-jitsu,NewazaPutra56kg,FinalTabel
09:00,19thAgt,kabaddi,BereguPutra,GrupAPertandingan
10:00,21stAgt,canoe-kayak-slalom,KayakTunggalPutra,Babak
09:00,25thAgt,canoe-kayak-sprint,KanoTBR200mPutra,Final
09:00,25thAgt,karate,KataPutra,Perempatfinal
14:00,28thAgt,kurash,Putra66kg,Perempatfinal
12:00,24thAgt,sailing,LaserStandar,RacePoints1
18:30,28thAgt,diving,Sinkronisasi10mPlatformPutri,Final
09:00,19thAgt,shooting,TrapPutra,KualifikasiHari1
09:00,31stAgt,modern-pentathlon,TunggalPutri,BabakPeringkatAnggar
08:20,21stAgt,archery,RecurveTunggalPutri,RankingRound
09:00,23rdAgt,sport-climbing,SpeedPutra,Perempatfinal
08:00,20thAgt,paragliding,AkurasiTunggalPutra,Babak1
11:00,23rdAgt,pencak-silat,KelasBPutra50kgsampai55kg,Babak16Match1
14:30,16thAgt,water-polo,TurnamenPutri,PenyisihanGrupAMatch1
09:00,19thAgt,swimming,GayaBebas200mPutra,Seleksi
10:00,27thAgt,artistic-swimming,GandaPutri,RangkaianBebas
11:00,30thAgt,rugby-sevens,Putri,BabakPenyisihanGrupA
15:00,31stAgt,sambo,Putra52kg,Babak16
13:00,20thAgt,artistic-gymnastic,KualifikasiPutra,Subdivisi1
12:00,27thAgt,rhythmic-gymnastics,TeamAllAround,FinalSubdivisionA
12:00,30thAgt,trampoline-gymnastics,TrampolinPutri,Kualifikasi
16:00,10thAgt,football,PutraTurnamen,PenyisihanGrupAMatch1
09:00,19thAgt,sepak-takraw,ReguPutra,GrupPenyisihanA
14:00,31stAgt,roller-skate,Balap20KmPutra,Final
10:00,28thAgt,skateboarding,JalanPutra,Penyisihan
10:00,19thAgt,softball,BereguPutri,BabakPenyisihanGrupAPertandingan
09:00,28thAgt,soft-tennis,TunggalPutra,BabakPenyisihan
10:00,23rdAgt,squash,TunggalPutra,Babak32
09:00,19thAgt,taekwondo,PoomsaeTunggalPutra,Babak32
10:00,19thAgt,tennis,TunggalPutra,Babak64
10:00,26thAgt,table-tennis,BereguPutri,BabakPenyisihan
14:00,24thAgt,boxing,KelasTerbang52kgPutra,Babak32
07:30,31stAgt,triathlon,Putra,Final
09:00,19thAgt,beach-volleyball,VoliPantaiPutra,PenyisihanPoolAMatch1
09:00,19thAgt,wushu,CangquanPutra,Final
